Workbook

Sheet 기업정보
A1: 시연용 가상 데이터. 실제 기업 자료가 아님
A3: template_version | B3: 0.2
A4: company | B4: 새벽반도체
A5: company_en | B5: Saebyeok Semiconductor
A6: data_class | B6: 가상데이터
A7: 기준기간 | B7: 2023-01 ~ 2025-12 (월별, 일부 달 자료 없음)
A8: 금액 통화
A9: 환산 환율 | B9: FRED H.10 EXKOUS 원/달러 월평균 (junhee/data/raw/external/fred_EXKOUS_krw_per_usd_monthly.csv)
A10: 생성 근거 | B10: 근거 자료 없음 — 결측치 처리 시연용으로 임의 생성한 가상 회사 (사업보고서 기반 아님)
A11: 작성일 | B11: 2026-09-26
A13: 대시보드 항목 ↔ 이 파일의 입력값
A14: 대시보드 항목 | B14: 이 파일에서 쓰는 값 | C14: 공개자료·API 쪽에서 붙는 값 (이 파일에는 없음)
A15: 공통 | B15: 회사·제품명(제품정보), 입력 HSK와 분석 HS6(제품정보), 목적국(수출실적·거래처), 자료기간(기준기간) | C15: 기준일·출처는 공개자료 쪽
A16: 1. 규제 | B16: 제품정보.입력HSK → HSK 연계표 통제번호 후보 / 거래처.법인명·주소 → CSL 검색 | C16: 통제번호·품목명, 목적국 수입규제 기록, CSL 명단 (발견 사실만 표시, '없음'을 '규제 없음'으로 판정하지 않음)
A17: 2. 시장성 | B17: 수출실적의 목적국·HS·월별 금액(회사 수출 흐름, 월별집계 시트) | C17: 목적국 총수입, 한국의 해당국 수출, 성장률, 한국산 점유율, WSTS 업황
A18: 3. 가격 | B18: 수출실적의 금액·순중량(kg) → 회사 kg당 단가 / 통화 → 참고환율 통화 선택 | C18: 무역통계 단가, 관세 참고치(WTO), 참고환율, 수출입물가지수, 운송비 참고
A19: 4. 물류 | B19: 물류 시트의 출발지·도착지 코드(공항 IATA·항만 UN/LOCODE)와 선적일 → 운항·입출항 조회 조건 / 예정·실제 도착일 → 납기 준수율·리드타임 / 운임(USD) → 운송비 비중 (v0.3 추가, 가정값) | C19: 인천공항 화물편 일정·운항 횟수, 선박 입출항 기록 (직항·배송시간은 확정하지 않음)
A20: 5. 안정성 | B20: 월별집계 시트의 월별 금액·전월대비(회사 수출 변동 참고) | C20: 목적국 월별 수입금액, CV, 급감 이력, 환율 변동성
A21: 제외 | B21: 원가·이익률, 허가·인증 충족 여부 — 이 파일에 넣지 않음 (납기·운임은 시연용 가정값으로 물류 시트에 추가) | C21: 팀 공유 문서 '이번 기본 범위에서 제외할 항목'
A23: 의도적으로 넣은 결측·예외 위치는 '결측목록' 시트에 전부 기록했습니다. 빈칸을 0이나 임의 값으로 채우지 않습니다.
A24: 금액 통화(기업정보 B8)도 일부러 비워 둔 결측 항목입니다.

Sheet 제품정보
A1: 제품ID | B1: 모델명 | C1: 제품군 | D1: 입력HSK | E1: HS코드 | F1: HS버전 | G1: 제조국 | H1: 사양 | I1: 단위 | J1: 단위중량(g) | K1: 분류비고
A2: P-SB-001 | B2: SBM-32 | C2: 시스템반도체(MCU) | D2: 8542311000 | E2: 854231 | F2: HS2022 | G2: 대한민국 | H2: 32bit MCU 저전력 | I2: EA | J2: 0.35
A3: P-SB-002 | B3: SBE-64 | C3: NAND(eMMC) | D3: 8542321030 | E3: 854232 | F3: HS2022 | G3: 대한민국 | H3: eMMC 5.1 64GB | I3: EA | J3: 0.9
A4: P-SB-003 | B4: SBP-12 | C4: 전원관리 IC | F4: HS2022 | G4: 대한민국 | H4: PMIC 12채널 | I4: EA | J4: 0.25 | K4: HS 미확인 — 입력HSK·HS코드 비어 있음 (결측)

Sheet 거래처
A1: 거래처ID | B1: 법인명 | C1: 별칭 | D1: 주소 | E1: 도시 | F1: 국가 | G1: 국가코드 | H1: 최종사용자관계
A2: C-SB-01 | B2: Blue Mesa Controls Inc. | C2: 블루메사 컨트롤즈 | D2: 3100 Mesa Dr, Austin, TX 78731 | E2: Austin | F2: 미국 | G2: US | H2: 최종사용자
A3: C-SB-02 | B3: Monterrey Electrónica S.A. | C3: 몬테레이 일렉트로니카 | D3: Av. Constitución 450, Monterrey, N.L. | E3: Monterrey | F3: 멕시코 | G3: MX | H3: 최종사용자
A4: C-SB-03 | B4: Da Nang Smart Devices Co., Ltd. | C4: 다낭 스마트 디바이스 | E4: Da Nang | F4: 베트남 | G4: VN | H4: 최종사용자
A5: C-SB-04 | C5: 푸네 오토 일렉트릭 | D5: Chakan MIDC, Pune, Maharashtra | E5: Pune | F5: 인도 | G5: IN | H5: 유통업체

Sheet 수출실적
A1: 실적ID | B1: 거래일 | C1: 거래월 | D1: 연도 | E1: 제품ID | F1: 거래처ID | G1: 목적국 | H1: 목적국코드 | I1: 수량 | J1: 단위 | K1: 순중량(kg) | L1: 금액 | M1: 통화 | N1: 인코텀즈 | O1: 취소반품 | P1: 적용환율(KRW/USD) | Q1: 원화환산(원)
A2: R-SB-0001 | B2: 44931 | C2: 2023-01 | D2: 2023 | E2: P-SB-003 | F2: C-SB-04 | G2: 인도 | H2: IN | I2: 0 | J2: EA | K2: 0 | L2: 0 | M2: USD | N2: FOB | O2: Y | P2: 1243.0705 | Q2: =IF(OR(L2="",M2="",P2=""),"",L2*P2)
A3: R-SB-0002 | B3: 44940 | C3: 2023-01 | D3: 2023 | F3: C-SB-02 | G3: 멕시코 | H3: MX | I3: 14887 | J3: EA | K3: 13.4 | L3: 60841.25 | M3: USD | N3: FOB | O3: N | P3: 1243.0705 | Q3: =IF(OR(L3="",M3="",P3=""),"",L3*P3)
A4: R-SB-0003 | B4: 44941 | C4: 2023-01 | D4: 2023 | E4: P-SB-003 | F4: C-SB-02 | G4: 멕시코 | H4: MX | I4: 0 | J4: EA | K4: 0 | L4: 0 | M4: USD | N4: FOB | O4: Y | P4: 1243.0705 | Q4: =IF(OR(L4="",M4="",P4=""),"",L4*P4)
A5: R-SB-0004 | B5: 44944 | C5: 2023-01 | D5: 2023 | E5: P-SB-001 | F5: C-SB-03 | G5: 베트남 | H5: VN | I5: 57829 | J5: EA | K5: 20.24 | L5: 103613.39 | M5: USD | N5: FOB | O5: N | P5: 1243.0705 | Q5: =IF(OR(L5="",M5="",P5=""),"",L5*P5)
A6: R-SB-0005 | B6: 44944 | C6: 2023-01 | D6: 2023 | E6: P-SB-002 | F6: C-SB-04 | G6: 인도 | H6: IN | I6: 6980 | J6: EA | K6: 6.28 | L6: 28119.93 | M6: USD | N6: FOB | O6: N | P6: 1243.0705 | Q6: =IF(OR(L6="",M6="",P6=""),"",L6*P6)
A7: R-SB-0006 | B7: 44945 | C7: 2023-01 | D7: 2023 | E7: P-SB-001 | F7: C-SB-02 | G7: 멕시코 | H7: MX | I7: 62497 | J7: EA | K7: 21.87 | L7: 115042.04 | M7: USD | N7: FOB | O7: N | P7: 1243.0705 | Q7: =IF(OR(L7="",M7="",P7=""),"",L7*P7)
A8: R-SB-0007 | B8: 44948 | C8: 2023-01 | D8: 2023 | E8: P-SB-001 | F8: C-SB-01 | G8: 미국 | H8: US | I8: 87729 | J8: EA | K8: 30.71 | L8: 162868.67 | M8: USD | N8: FOB | O8: N | P8: 1243.0705 | Q8: =IF(OR(L8="",M8="",P8=""),"",L8*P8)
A9: R-SB-0008 | B9: 44950 | C9: 2023-01 | D9: 2023 | E9: P-SB-002 | F9: C-SB-01 | G9: 미국 | H9: US | I9: 25855 | J9: EA | L9: 103227.01 | M9: USD | N9: FOB | O9: N | P9: 1243.0705 | Q9: =IF(OR(L9="",M9="",P9=""),"",L9*P9)
A10: R-SB-0009 | B10: 44951 | C10: 2023-01 | D10: 2023 | E10: P-SB-003 | F10: C-SB-03 | G10: 베트남 | H10: VN | I10: 30306 | J10: EA | K10: 7.58 | L10: 28038.29 | M10: USD | N10: FOB | O10: N | P10: 1243.0705 | Q10: =IF(OR(L10="",M10="",P10=""),"",L10*P10)
A11: R-SB-0010 | B11: 44953 | C11: 2023-01 | D11: 2023 | E11: P-SB-002 | F11: C-SB-03 | G11: 베트남 | H11: VN | I11: 10239 | J11: EA | K11: 9.22 | L11: 40256.83 | M11: USD | N11: FOB | O11: N | P11: 1243.0705 | Q11: =IF(OR(L11="",M11="",P11=""),"",L11*P11)
A12: R-SB-0010 | B12: 44953 | C12: 2023-01 | D12: 2023 | E12: P-SB-002 | F12: C-SB-03 | G12: 베트남 | H12: VN | I12: 10239 | J12: EA | K12: 9.22 | L12: 40256.83 | M12: USD | N12: FOB | O12: N | P12: 1243.0705 | Q12: =IF(OR(L12="",M12="",P12=""),"",L12*P12)
A13: R-SB-0011 | B13: 44953 | C13: 2023-01 | D13: 2023 | E13: P-SB-001 | F13: C-SB-04 | G13: 인도 | H13: IN | I13: 29897 | J13: EA | K13: 10.46 | L13: 52492.02 | M13: USD | N13: FOB | O13: N | P13: 1243.0705 | Q13: =IF(OR(L13="",M13="",P13=""),"",L13*P13)
A14: R-SB-0012 | B14: 44970 | C14: 2023-02 | D14: 2023 | E14: P-SB-001 | F14: C-SB-03 | G14: 베트남 | H14: VN | I14: 42947 | J14: EA | K14: 15.03 | M14: USD | N14: FOB | O14: N | P14: 1275.4205 | Q14: =IF(OR(L14="",M14="",P14=""),"",L14*P14)
A15: R-SB-0013 | B15: 44973 | C15: 2023-02 | D15: 2023 | E15: P-SB-001 | F15: C-SB-01 | G15: 미국 | H15: US | I15: 129045 | J15: EA | K15: 45.17 | L15: 241961.89 | M15: USD | N15: FOB | O15: N | P15: 1275.4205 | Q15: =IF(OR(L15="",M15="",P15=""),"",L15*P15)
A16: R-SB-0014 | B16: 44973 | C16: 2023-02 | D16: 2023 | E16: P-SB-002 | F16: C-SB-03 | G16: 베트남 | H16: VN | I16: 10568 | J16: EA | K16: 9.51 | M16: USD | N16: FOB | O16: N | P16: 1275.4205 | Q16: =IF(OR(L16="",M16="",P16=""),"",L16*P16)
A17: R-SB-0015 | B17: 44973 | C17: 2023-02 | D17: 2023 | E17: P-SB-002 | F17: C-SB-04 | G17: 인도 | H17: IN | I17: 5904 | J17: EA | K17: 5.31 | L17: 23372.32 | M17: USD | N17: FOB | O17: N | P17: 1275.4205 | Q17: =IF(OR(L17="",M17="",P17=""),"",L17*P17)
A18: R-SB-0016 | B18: 44974 | C18: 2023-02 | D18: 2023 | E18: P-SB-001 | F18: C-SB-02 | G18: 멕시코 | H18: MX | I18: 61785 | J18: EA | K18: 21.62 | L18: 116547.02 | M18: USD | N18: FOB | O18: N | P18: 1275.4205 | Q18: =IF(OR(L18="",M18="",P18=""),"",L18*P18)
A19: R-SB-0017 | B19: 44974 | C19: 2023-02 | D19: 2023 | E19: P-SB-003 | F19: C-SB-02 | G19: 멕시코 | H19: MX | I19: 41915 | J19: EA | K19: 10.48 | L19: 37597.31 | M19: USD | N19: FOB | O19: N | P19: 1275.4205 | Q19: =IF(OR(L19="",M19="",P19=""),"",L19*P19)
A20: R-SB-0018 | B20: 44975 | C20: 2023-02 | D20: 2023 | E20: P-SB-003 | F20: C-SB-04 | G20: 인도 | H20: IN | I20: 13015 | J20: EA | L20: 11653.49 | M20: USD | N20: FOB | O20: N | P20: 1275.4205 | Q20: =IF(OR(L20="",M20="",P20=""),"",L20*P20)
A21: R-SB-0019 | B21: 44978 | C21: 2023-02 | D21: 2023 | E21: P-SB-002 | F21: C-SB-02 | G21: 멕시코 | H21: MX | I21: 17504 | J21: EA | L21: 66739.05 | M21: USD | N21: FOB | O21: N | P21: 1275.4205 | Q21: =IF(OR(L21="",M21="",P21=""),"",L21*P21)
A22: R-SB-0020 | B22: 44978 | C22: 2023-02 | D22: 2023 | E22: P-SB-003 | F22: C-SB-03 | G22: 베트남 | H22: VN | I22: 23980 | J22: EA | K22: 6 | L22: 22321.39 | M22: USD | N22: FOB | O22: N | P22: 1275.4205 | Q22: =IF(OR(L22="",M22="",P22=""),"",L22*P22)
A23: R-SB-0021 | B23: 44980 | C23: 2023-02 | D23: 2023 | E23: P-SB-003 | F23: C-SB-01 | G23: 미국 | H23: US | I23: 81466 | J23: EA | K23: 20.37 | L23: 70792.35 | M23: USD | N23: FOB | O23: N | P23: 1275.4205 | Q23: =IF(OR(L23="",M23="",P23=""),"",L23*P23)
A24: R-SB-0022 | B24: 44990 | C24: 2023-03 | D24: 2023 | E24: P-SB-001 | F24: C-SB-02 | G24: 멕시코 | H24: MX | I24: 76671 | J24: EA | K24: 26.83 | M24: USD | N24: FOB | O24: N | P24: 1306.0161 | Q24: =IF(OR(L24="",M24="",P24=""),"",L24*P24)
A25: R-SB-0023 | B25: 44991 | C25: 2023-03 | D25: 2023 | E25: P-SB-003 | F25: C-SB-04 | G25: 인도 | H25: IN | I25: 13848 | J25: EA | K25: 3.46 | L25: 12482 | M25: USD | N25: FOB | O25: N | P25: 1306.0161 | Q25: =IF(OR(L25="",M25="",P25=""),"",L25*P25)
A26: R-SB-0024 | B26: 44994 | C26: 2023-03 | D26: 2023 | E26: P-SB-001 | F26: C-SB-01 | G26: 미국 | H26: US | J26: EA | K26: 49.49 | L26: 255934.2 | M26: USD | N26: FOB | O26: N | P26: 1306.0161 | Q26: =IF(OR(L26="",M26="",P26=""),"",L26*P26)
A27: R-SB-0025 | B27: 44996 | C27: 2023-03 | D27: 2023 | E27: P-SB-001 | F27: C-SB-03 | G27: 베트남 | H27: VN | I27: 46200 | J27: EA | K27: 16.17 | L27: 85849.7 | M27: USD | N27: FOB | O27: N | P27: 1306.0161 | Q27: =IF(OR(L27="",M27="",P27=""),"",L27*P27)
A28: R-SB-0026 | B28: 44997 | C28: 2023-03 | D28: 2023 | E28: P-SB-002 | F28: C-SB-03 | G28: 베트남 | H28: VN | I28: 15411 | J28: EA | K28: 13.87 | L28: 59061.77 | M28: USD | N28: FOB | O28: N | P28: 1306.0161 | Q28: =IF(OR(L28="",M28="",P28=""),"",L28*P28)
A29: R-SB-0027 | B29: 44998 | C29: 2023-03 | D29: 2023 | E29: P-SB-003 | F29: C-SB-01 | G29: 미국 | H29: US | I29: 59526 | J29: EA | K29: 14.88 | L29: 55115.17 | M29: USD | N29: FOB | O29: N | P29: 1306.0161 | Q29: =IF(OR(L29="",M29="",P29=""),"",L29*P29)
A30: R-SB-0028 | B30: 45001 | C30: 2023-03 | D30: 2023 | E30: P-SB-003 | F30: C-SB-03 | G30: 베트남 | H30: VN | I30: 23887 | J30: EA | K30: 5.97 | L30: 22305 | M30: USD | N30: FOB | O30: N | P30: 1306.0161 | Q30: =IF(OR(L30="",M30="",P30=""),"",L30*P30)
A31: R-SB-0029 | B31: 45001 | C31: 2023-03 | D31: 2023 | E31: P-SB-002 | F31: C-SB-04 | G31: 인도 | H31: IN | I31: 5192 | J31: EA | K31: 4.67 | L31: 21493.95 | M31: USD | N31: FOB | O31: N | P31: 1306.0161 | Q31: =IF(OR(L31="",M31="",P31=""),"",L31*P31)
A32: R-SB-0030 | B32: 45007 | C32: 2023-03 | D32: 2023 | E32: P-SB-002 | F32: C-SB-01 | G32: 미국 | H32: US | I32: 26338 | J32: EA | K32: 23.7 | L32: 105084.15 | M32: USD | N32: FOB | O32: N | P32: 1306.0161 | Q32: =IF(OR(L32="",M32="",P32=""),"",L32*P32)
A33: R-SB-0031 | B33: 45008 | C33: 2023-03 | D33: 2023 | E33: P-SB-003 | F33: C-SB-02 | G33: 멕시코 | H33: MX | I33: 47060 | J33: EA | K33: 11.77 | L33: 40729.18 | M33: USD | N33: FOB | O33: N | P33: 1306.0161 | Q33: =IF(OR(L33="",M33="",P33=""),"",L33*P33)
A34: R-SB-0032 | B34: 45012 | C34: 2023-03 | D34: 2023 | E34: P-SB-002 | F34: C-SB-02 | G34: 멕시코 | H34: MX | I34: 13810 | J34: EA | K34: 12.43 | L34: 54844.58 | M34: USD | N34: FOB | O34: N | P34: 1306.0161 | Q34: =IF(OR(L34="",M34="",P34=""),"",L34*P34)
A35: R-SB-0033 | B35: 45019 | C35: 2023-04 | D35: 2023 | E35: P-SB-001 | F35: C-SB-04 | G35: 인도 | H35: IN | I35: 28955 | J35: EA | K35: 10.13 | L35: 53534.27 | M35: USD | N35: FOB | O35: N | P35: 1322.057 | Q35: =IF(OR(L35="",M35="",P35=""),"",L35*P35)
A36: R-SB-0034 | B36: 45027 | C36: 2023-04 | D36: 2023 | E36: P-SB-002 | F36: C-SB-04 | G36: 인도 | H36: IN | I36: 5863 | J36: EA | K36: 5.28 | L36: 23148.7 | M36: USD | N36: FOB | O36: N | P36: 1322.057 | Q36: =IF(OR(L36="",M36="",P36=""),"",L36*P36)
A37: R-SB-0035 | B37: 45028 | C37: 2023-04 | D37: 2023 | E37: P-SB-003 | F37: C-SB-02 | G37: 멕시코 | H37: MX | I37: 40500 | J37: EA | K37: 10.12 | L37: 38145.77 | M37: USD | N37: FOB | O37: N | P37: 1322.057 | Q37: =IF(OR(L37="",M37="",P37=""),"",L37*P37)
A38: R-SB-0036 | B38: 45031 | C38: 2023-04 | D38: 2023 | E38: P-SB-003 | F38: C-SB-03 | G38: 베트남 | H38: VN | I38: 26225 | J38: EA | K38: 6.56 | L38: 22576.68 | M38: USD | N38: FOB | O38: N | P38: 1322.057 | Q38: =IF(OR(L38="",M38="",P38=""),"",L38*P38)
... A44: R-SB-0042 | B44: 45050 | C44: 2023-05 | D44: 2023 | E44: P-SB-001 | F44: C-SB-04 | G44: 인도 | H44: IN | I44: 20127 | J44: EA | K44: 7.04 | L44: 37929.9 | M44: USD | N44: FOB | O44: N | P44: 1327.48 | Q44: =IF(OR(L44="",M44="",P44=""),"",L44*P44)
A45: R-SB-0043 | B45: 45051 | C45: 2023-05 | D45: 2023 | E45: P-SB-001 | F45: C-SB-01 | G45: 미국 | H45: US | I45: 129953 | J45: EA | K45: 45.48 | M45: USD | N45: FOB | O45: N | P45: 1327.48 | Q45: =IF(OR(L45="",M45="",P45=""),"",L45*P45)
A46: R-SB-0044 | B46: 45054 | C46: 2023-05 | D46: 2023 | E46: P-SB-002 | F46: C-SB-01 | G46: 미국 | H46: US | I46: 28549 | J46: EA | K46: 25.69 | L46: 108601.35 | M46: USD | N46: FOB | O46: N | P46: 1327.48 | Q46: =IF(OR(L46="",M46="",P46=""),"",L46*P46)
A47: R-SB-0045 | B47: 45057 | C47: 2023-05 | D47: 2023 | E47: P-SB-002 | F47: C-SB-02 | G47: 멕시코 | H47: MX | I47: 20492 | J47: EA | K47: 18.44 | L47: 80368.62 | M47: USD | N47: FOB | O47: N | P47: 1327.48 | Q47: =IF(OR(L47="",M47="",P47=""),"",L47*P47)
A48: R-SB-0046 | B48: 45058 | C48: 2023-05 | D48: 2023 | E48: P-SB-003 | F48: C-SB-02 | G48: 멕시코 | H48: MX | I48: 30014 | J48: EA | K48: 7.5 | L48: 27672.2 | M48: USD | N48: FOB | O48: N | P48: 1327.48 | Q48: =IF(OR(L48="",M48="",P48=""),"",L48*P48)
A49: R-SB-0047 | B49: 45060 | C49: 2023-05 | D49: 2023 | E49: P-SB-003 | F49: C-SB-03 | G49: 베트남 | H49: VN | I49: 22253 | J49: EA | K49: 5.56 | M49: USD | N49: FOB | O49: N | P49: 1327.48 | Q49: =IF(OR(L49="",M49="",P49=""),"",L49*P49)
A50: R-SB-0048 | B50: 45061 | C50: 2023-05 | D50: 2023 | E50: P-SB-002 | F50: C-SB-04 | G50: 인도 | H50: IN | I50: 5876 | J50: EA | K50: 5.29 | L50: 23982.46 | M50: USD | N50: FOB | O50: N | P50: 1327.48 | Q50: =IF(OR(L50="",M50="",P50=""),"",L50*P50)
A51: R-SB-0049 | B51: 45061 | C51: 2023-05 | D51: 2023 | E51: P-SB-003 | F51: C-SB-04 | G51: 인도 | H51: IN | I51: 13796 | J51: EA | K51: 3.45 | L51: 11814.13 | M51: USD | N51: FOB | O51: N | P51: 1327.48 | Q51: =IF(OR(L51="",M51="",P51=""),"",L51*P51)
A52: R-SB-0050 | B52: 45062 | C52: 2023-05 | D52: 2023 | E52: P-SB-002 | F52: C-SB-03 | G52: 베트남 | H52: VN | I52: 16391 | J52: EA | K52: 14.75 | L52: 64961.78 | M52: USD | N52: FOB | O52: N | P52: 1327.48 | Q52: =IF(OR(L52="",M52="",P52=""),"",L52*P52)
A53: R-SB-0051 | B53: 45064 | C53: 2023-05 | D53: 2023 | E53: P-SB-001 | F53: C-SB-02 | G53: 멕시코 | H53: MX | I53: 65446 | J53: EA | K53: 22.91 | L53: 122687.38 | M53: USD | N53: FOB | O53: N | P53: 1327.48 | Q53: =IF(OR(L53="",M53="",P53=""),"",L53*P53)
A54: R-SB-0052 | B54: 45064 | C54: 2023-05 | D54: 2023 | E54: P-SB-001 | F54: C-SB-03 | G54: 베트남 | H54: VN | I54: 69377 | J54: EA | K54: 24.28 | M54: USD | N54: FOB | O54: N | P54: 1327.48 | Q54: =IF(OR(L54="",M54="",P54=""),"",L54*P54)
A55: R-SB-0053 | B55: 45068 | C55: 2023-05 | D55: 2023 | E55: P-SB-003 | F55: C-SB-01 | G55: 미국 | H55: US | I55: 59025 | J55: EA | K55: 14.76 | L55: 54599.82 | M55: USD | N55: FOB | O55: N | P55: 1327.48 | Q55: =IF(OR(L55="",M55="",P55=""),"",L55*P55)
A56: R-SB-0054 | B56: 45081 | C56: 2023-06 | D56: 2023 | E56: P-SB-003 | F56: C-SB-04 | G56: 인도 | H56: IN | I56: 13161 | J56: EA | K56: 3.29 | L56: 12030.63 | M56: USD | N56: FOB | O56: N | P56: 1297.2514 | Q56: =IF(OR(L56="",M56="",P56=""),"",L56*P56)
A57: R-SB-0055 | B57: 45082 | C57: 2023-06 | D57: 2023 | E57: P-SB-003 | F57: C-SB-02 | G57: 멕시코 | H57: MX | I57: 44216 | J57: EA | K57: 11.05 | L57: 41350.9 | M57: USD | N57: FOB | O57: N | P57: 1297.2514 | Q57: =IF(OR(L57="",M57="",P57=""),"",L57*P57)
A58: R-SB-0056 | B58: 45083 | C58: 2023-06 | D58: 2023 | E58: P-SB-003 | F58: C-SB-01 | G58: 미국 | H58: US | I58: 67171 | J58: EA | K58: 16.79 | L58: 62698.32 | M58: USD | N58: FOB | O58: N | P58: 1297.2514 | Q58: =IF(OR(L58="",M58="",P58=""),"",L58*P58)
A59: R-SB-0057 | B59: 45085 | C59: 2023-06 | D59: 2023 | E59: P-SB-002 | F59: C-SB-02 | G59: 멕시코 | H59: MX | I59: 19727 | J59: EA | K59: 17.75 | L59: 75840.42 | M59: USD | N59: FOB | O59: N | P59: 1297.2514 | Q59: =IF(OR(L59="",M59="",P59=""),"",L59*P59)
A60: R-SB-0058 | B60: 45087 | C60: 2023-06 | D60: 2023 | E60: P-SB-001 | F60: C-SB-04 | G60: 인도 | H60: IN | I60: 21887 | J60: EA | K60: 7.66 | L60: 40446.89 | M60: USD | N60: FOB | O60: N | P60: 1297.2514 | Q60: =IF(OR(L60="",M60="",P60=""),"",L60*P60)
A61: R-SB-0059 | B61: 45091 | C61: 2023-06 | D61: 2023 | E61: P-SB-001 | F61: C-SB-03 | G61: 베트남 | H61: VN | I61: 43767 | J61: EA | K61: 15.32 | L61: 76013.93 | M61: USD | N61: FOB | O61: N | P61: 1297.2514 | Q61: =IF(OR(L61="",M61="",P61=""),"",L61*P61)
A62: R-SB-0060 | B62: 45095 | C62: 2023-06 | D62: 2023 | E62: P-SB-002 | F62: C-SB-01 | G62: 미국 | H62: US | I62: 30193 | J62: EA | K62: 27.17 | L62: 121792.62 | M62: USD | N62: FOB | O62: N | P62: 1297.2514 | Q62: =IF(OR(L62="",M62="",P62=""),"",L62*P62)
A63: R-SB-0061 | B63: 45095 | C63: 2023-06 | D63: 2023 | E63: P-SB-002 | F63: C-SB-03 | G63: 베트남 | H63: VN | I63: 16523 | J63: EA | K63: 14.87 | L63: 64052.61 | M63: USD | N63: FOB | O63: N | P63: 1297.2514 | Q63: =IF(OR(L63="",M63="",P63=""),"",L63*P63)
A64: R-SB-0062 | B64: 45096 | C64: 2023-06 | D64: 2023 | E64: P-SB-002 | F64: C-SB-04 | G64: 인도 | H64: IN | I64: 7374 | J64: EA | K64: 6.64 | L64: 29262.69 | M64: USD | N64: FOB | O64: N | P64: 1297.2514 | Q64: =IF(OR(L64="",M64="",P64=""),"",L64*P64)
A65: R-SB-0063 | B65: 45097 | C65: 2023-06 | D65: 2023 | E65: P-SB-001 | F65: C-SB-01 | G65: 미국 | H65: US | I65: 114601 | J65: EA | K65: 40.11 | L65: 201329.05 | M65: USD | N65: FOB | O65: N | P65: 1297.2514 | Q65: =IF(OR(L65="",M65="",P65=""),"",L65*P65)
A66: R-SB-0064 | B66: 45098 | C66: 2023-06 | D66: 2023 | E66: P-SB-001 | F66: C-SB-02 | G66: 멕시코 | H66: MX | I66: 53228 | J66: EA | K66: 18.63 | L66: 93139.55 | M66: USD | N66: FOB | O66: N | P66: 1297.2514 | Q66: =IF(OR(L66="",M66="",P66=""),"",L66*P66)
... A73: R-SB-0071 | B73: 45127 | C73: 2023-07 | D73: 2023 | E73: P-SB-003 | F73: C-SB-02 | G73: 멕시코 | H73: MX | I73: 39678 | J73: EA | K73: 9.92 | L73: 35017.98 | M73: USD | N73: FOB | O73: N | P73: 1282.2835 | Q73: =IF(OR(L73="",M73="",P73=""),"",L73*P73)
A74: R-SB-0072 | B74: 45131 | C74: 2023-07 | D74: 2023 | E74: P-SB-002 | F74: C-SB-02 | G74: 멕시코 | H74: MX | I74: 13575 | J74: EA | K74: 12.22 | M74: USD | N74: FOB | O74: N | P74: 1282.2835 | Q74: =IF(OR(L74="",M74="",P74=""),"",L74*P74)
A75: R-SB-0073 | B75: 45132 | C75: 2023-07 | D75: 2023 | E75: P-SB-003 | F75: C-SB-01 | G75: 미국 | H75: US | I75: 58461 | J75: EA | K75: 14.62 | L75: 50800.02 | M75: USD | N75: FOB | O75: N | P75: 1282.2835 | Q75: =IF(OR(L75="",M75="",P75=""),"",L75*P75)
A76: R-SB-0074 | B76: 45133 | C76: 2023-07 | D76: 2023 | E76: P-SB-003 | F76: C-SB-04 | G76: 인도 | H76: IN | I76: 18697 | J76: EA | K76: 4.67 | L76: 16590.66 | M76: USD | N76: FOB | O76: N | P76: 1282.2835 | Q76: =IF(OR(L76="",M76="",P76=""),"",L76*P76)
A77: R-SB-0075 | B77: 45143 | C77: 2023-08 | D77: 2023 | E77: P-SB-001 | F77: C-SB-01 | G77: 미국 | H77: US | I77: 104586 | J77: EA | K77: 36.61 | L77: 194342.94 | M77: USD | N77: FOB | O77: N | P77: 1321.7561 | Q77: =IF(OR(L77="",M77="",P77=""),"",L77*P77)
A78: R-SB-0076 | B78: 45144 | C78: 2023-08 | D78: 2023 | E78: P-SB-002 | F78: C-SB-02 | G78: 멕시코 | H78: MX | I78: 18552 | J78: EA | K78: 16.7 | L78: 70523.83 | M78: USD | N78: FOB | O78: N | P78: 1321.7561 | Q78: =IF(OR(L78="",M78="",P78=""),"",L78*P78)
A79: R-SB-0077 | B79: 45145 | C79: 2023-08 | D79: 2023 | E79: P-SB-001 | F79: C-SB-03 | G79: 베트남 | H79: VN | I79: 69897 | J79: EA | K79: 24.46 | L79: 119644.13 | M79: USD | N79: FOB | O79: N | P79: 1321.7561 | Q79: =IF(OR(L79="",M79="",P79=""),"",L79*P79)
A80: R-SB-0078 | B80: 45147 | C80: 2023-08 | D80: 2023 | E80: P-SB-002 | F80: C-SB-04 | G80: 인도 | H80: IN | I80: 6055 | J80: EA | K80: 5.45 | L80: 23050.6 | M80: USD | N80: FOB | O80: N | P80: 1321.7561 | Q80: =IF(OR(L80="",M80="",P80=""),"",L80*P80)
A81: R-SB-0079 | B81: 45148 | C81: 2023-08 | D81: 2023 | E81: P-SB-003 | F81: C-SB-02 | G81: 멕시코 | H81: MX | I81: 46593 | J81: EA | K81: 11.65 | L81: 41013.92 | M81: USD | N81: FOB | O81: N | P81: 1321.7561 | Q81: =IF(OR(L81="",M81="",P81=""),"",L81*P81)
A82: R-SB-0080 | B82: 45150 | C82: 2023-08 | D82: 2023 | E82: P-SB-003 | F82: C-SB-01 | G82: 미국 | H82: US | I82: 66714 | J82: EA | K82: 16.68 | L82: 57673.73 | M82: USD | N82: FOB | O82: N | P82: 1321.7561 | Q82: =IF(OR(L82="",M82="",P82=""),"",L82*P82)
A83: R-SB-0081 | B83: 45155 | C83: 2023-08 | D83: 2023 | E83: P-SB-001 | F83: C-SB-04 | G83: 인도 | H83: IN | I83: 26081 | J83: EA | L83: 48989.88 | M83: USD | N83: FOB | O83: N | P83: 1321.7561 | Q83: =IF(OR(L83="",M83="",P83=""),"",L83*P83)
A84: R-SB-0082 | B84: 45159 | C84: 2023-08 | D84: 2023 | E84: P-SB-002 | F84: C-SB-01 | G84: 미국 | H84: US | I84: 24489 | J84: EA | K84: 22.04 | L84: 98235.68 | N84: FOB | O84: N | P84: 1321.7561 | Q84: =IF(OR(L84="",M84="",P84=""),"",L84*P84)
A85: R-SB-0083 | B85: 45162 | C85: 2023-08 | D85: 2023 | E85: P-SB-003 | F85: C-SB-03 | G85: 베트남 | H85: VN | I85: 25596 | J85: EA | K85: 6.4 | L85: 23825 | M85: USD | N85: FOB | O85: N | P85: 1321.7561 | Q85: =IF(OR(L85="",M85="",P85=""),"",L85*P85)
A86: R-SB-0084 | B86: 45164 | C86: 2023-08 | D86: 2023 | E86: P-SB-002 | F86: C-SB-03 | G86: 베트남 | H86: VN | I86: 13564 | J86: EA | K86: 12.21 | L86: 56007.61 | M86: USD | N86: FOB | O86: N | P86: 1321.7561 | Q86: =IF(OR(L86="",M86="",P86=""),"",L86*P86)
A87: R-SB-0085 | B87: 45165 | C87: 2023-08 | D87: 2023 | E87: P-SB-003 | F87: C-SB-04 | G87: 인도 | H87: IN | I87: 11694 | J87: EA | K87: 2.92 | L87: 10456.19 | M87: USD | N87: FOB | O87: N | P87: 1321.7561 | Q87: =IF(OR(L87="",M87="",P87=""),"",L87*P87)
A88: R-SB-0086 | B88: 45173 | C88: 2023-09 | D88: 2023 | E88: P-SB-001 | F88: C-SB-04 | G88: 인도 | H88: IN | I88: 21300 | J88: EA | K88: 7.45 | L88: 39524.7 | M88: USD | N88: FOB | O88: N | P88: 1334.237 | Q88: =IF(OR(L88="",M88="",P88=""),"",L88*P88)
A89: R-SB-0087 | B89: 45176 | C89: 2023-09 | D89: 2023 | E89: P-SB-002 | F89: C-SB-04 | G89: 인도 | H89: IN | I89: 6857 | J89: EA | K89: 6.17 | L89: 27182.42 | M89: USD | N89: FOB | O89: N | P89: 1334.237 | Q89: =IF(OR(L89="",M89="",P89=""),"",L89*P89)
A90: R-SB-0088 | B90: 45180 | C90: 2023-09 | D90: 2023 | E90: P-SB-003 | F90: C-SB-01 | G90: 미국 | H90: US | I90: 79758 | J90: EA | K90: 19.94 | L90: 72406.88 | M90: USD | N90: FOB | O90: N | P90: 1334.237 | Q90: =IF(OR(L90="",M90="",P90=""),"",L90*P90)
A91: R-SB-0089 | B91: 45185 | C91: 2023-09 | D91: 2023 | E91: P-SB-002 | F91: C-SB-03 | G91: 베트남 | H91: VN | I91: 13826 | J91: EA | K91: 12.44 | L91: 52564.22 | M91: USD | N91: FOB | O91: N | P91: 1334.237 | Q91: =IF(OR(L91="",M91="",P91=""),"",L91*P91)
A92: R-SB-0090 | E92: P-SB-003 | F92: C-SB-03 | G92: 베트남 | H92: VN | I92: 33299 | J92: EA | K92: 8.32 | L92: 29062.38 | M92: USD | N92: FOB | O92: N | Q92: =IF(OR(L92="",M92="",P92=""),"",L92*P92)
A93: R-SB-0091 | B93: 45186 | C93: 2023-09 | D93: 2023 | E93: P-SB-002 | F93: C-SB-01 | G93: 미국 | H93: US | I93: 37482 | J93: EA | K93: 33.73 | L93: 156357.04 | M93: USD | N93: FOB | O93: N | P93: 1334.237 | Q93: =IF(OR(L93="",M93="",P93=""),"",L93*P93)
A94: R-SB-0092 | B94: 45188 | C94: 2023-09 | D94: 2023 | E94: P-SB-003 | F94: C-SB-04 | G94: 인도 | H94: IN | I94: 18093 | J94: EA | K94: 4.52 | L94: 16085.85 | M94: USD | N94: FOB | O94: N | P94: 1334.237 | Q94: =IF(OR(L94="",M94="",P94=""),"",L94*P94)
A95: R-SB-0093 | B95: 45191 | C95: 2023-09 | D95: 2023 | E95: P-SB-001 | F95: C-SB-01 | G95: 미국 | H95: US | I95: 118413 | J95: EA | K95: 41.44 | L95: 218741.97 | M95: USD | N95: FOB | O95: N | P95: 1334.237 | Q95: =IF(OR(L95="",M95="",P95=""),"",L95*P95)
A96: R-SB-0094 | B96: 45191 | C96: 2023-09 | D96: 2023 | E96: P-SB-003 | F96: C-SB-02 | G96: 멕시코 | H96: MX | I96: 49061 | J96: EA | K96: 12.27 | L96: 43551.51 | M96: USD | N96: FOB | O96: N | P96: 1334.237 | Q96: =IF(OR(L96="",M96="",P96=""),"",L96*P96)
A97: R-SB-0095 | B97: 45192 | C97: 2023-09 | D97: 2023 | E97: P-SB-001 | F97: C-SB-02 | G97: 멕시코 | H97: MX | I97: 73852 | J97: EA | K97: 25.85 | L97: 128314.78 | M97: USD | N97: FOB | O97: N | P97: 1334.237 | Q97: =IF(OR(L97="",M97="",P97=""),"",L97*P97)
A98: R-SB-0096 | B98: 45193 | C98: 2023-09 | D98: 2023 | E98: P-SB-002 | F98: C-SB-02 | G98: 멕시코 | H98: MX | I98: 17902 | J98: EA | K98: 16.11 | L98: 73061.17 | M98: USD | N98: FOB | O98: N | P98: 1334.237 | Q98: =IF(OR(L98="",M98="",P98=""),"",L98*P98)
A99: R-SB-0097 | B99: 45194 | C99: 2023-09 | D99: 2023 | E99: P-SB-001 | F99: C-SB-03 | I99: 45539 | J99: EA | K99: 15.94 | L99: 82318.1 | M99: USD | N99: FOB | O99: N | P99: 1334.237 | Q99: =IF(OR(L99="",M99="",P99=""),"",L99*P99)
A100: R-SB-0098 | B100: 45207 | C100: 2023-10 | D100: 2023 | E100: P-SB-003 | F100: C-SB-01 | G100: 미국 | H100: US | I100: 58737 | J100: EA | K100: 14.68 | L100: 52436.15 | M100: USD | N100: FOB | O100: N | P100: 1351.5071 | Q100: =IF(OR(L100="",M100="",P100=""),"",L100*P100)
A101: R-SB-0099 | B101: 45210 | C101: 2023-10 | D101: 2023 | E101: P-SB-003 | F101: C-SB-04 | G101: 인도 | H101: IN | I101: 18623 | J101: EA | K101: 4.66 | L101: 16224.97 | M101: USD | N101: FOB | O101: N | P101: 1351.5071 | Q101: =IF(OR(L101="",M101="",P101=""),"",L101*P101)
A102: R-SB-0100 | B102: 45211 | C102: 2023-10 | D102: 2023 | E102: P-SB-001 | F102: C-SB-01 | G102: 미국 | H102: US | I102: 131567 | J102: EA | K102: 46.05 | L102: 227629.23 | M102: USD | N102: FOB | O102: N | P102: 1351.5071 | Q102: =IF(OR(L102="",M102="",P102=""),"",L102*P102)
A103: R-SB-0101 | B103: 45212 | C103: 2023-10 | D103: 2023 | E103: P-SB-001 | F103: C-SB-04 | G103: 인도 | H103: IN | I103: 29686 | J103: EA | K103: 10.39 | L103: 54161.46 | M103: USD | N103: FOB | O103: N | P103: 1351.5071 | Q103: =IF(OR(L103="",M103="",P103=""),"",L103*P103)
A104: R-SB-0102 | B104: 45212 | C104: 2023-10 | D104: 2023 | E104: P-SB-002 | F104: C-SB-04 | G104: 인도 | H104: IN | I104: 8584 | J104: EA | K104: 7.73 | L104: 33410.64 | M104: USD | N104: FOB | O104: N | P104: 1351.5071 | Q104: =IF(OR(L104="",M104="",P104=""),"",L104*P104)
A105: R-SB-0103 | B105: 45213 | C105: 2023-10 | D105: 2023 | E105: P-SB-002 | F105: C-SB-02 | G105: 멕시코 | H105: MX | J105: EA | K105: 18.27 | L105: 80989.24 | M105: USD | N105: FOB | O105: N | P105: 1351.5071 | Q105: =IF(OR(L105="",M105="",P105=""),"",L105*P105)
A106: R-SB-0104 | B106: 45216 | C106: 2023-10 | D106: 2023 | E106: P-SB-001 | F106: C-SB-02 | G106: 멕시코 | H106: MX | I106: 80370 | J106: EA | K106: 28.13 | L106: 148127.89 | M106: USD | N106: FOB | O106: N | P106: 1351.5071 | Q106: =IF(OR(L106="",M106="",P106=""),"",L106*P106)
A107: R-SB-0105 | B107: 45216 | C107: 2023-10 | D107: 2023 | E107: P-SB-002 | F107: C-SB-03 | G107: 베트남 | H107: VN | I107: 11534 | J107: EA | K107: 10.38 | L107: 46428.15 | M107: USD | N107: FOB | O107: N | P107: 1351.5071 | Q107: =IF(OR(L107="",M107="",P107=""),"",L107*P107)
A108: R-SB-0106 | B108: 45219 | C108: 2023-10 | D108: 2023 | E108: P-SB-003 | F108: C-SB-03 | G108: 베트남 | H108: VN | I108: 26070 | J108: EA | K108: 6.52 | L108: 22299.25 | M108: USD | N108: FOB | O108: N | P108: 1351.5071 | Q108: =IF(OR(L108="",M108="",P108=""),"",L108*P108)
A109: R-SB-0107 | B109: 45221 | C109: 2023-10 | D109: 2023 | E109: P-SB-002 | F109: C-SB-01 | G109: 미국 | H109: US | I109: 27992 | J109: EA | K109: 25.19 | L109: 107211.35 | M109: USD | N109: FOB | O109: N | P109: 1351.5071 | Q109: =IF(OR(L109="",M109="",P109=""),"",L109*P109)
A110: R-SB-0108 | B110: 45224 | C110: 2023-10 | D110: 2023 | E110: P-SB-003 | F110: C-SB-02 | G110: 멕시코 | H110: MX | I110: 44635 | J110: EA | K110: 11.16 | L110: 41306.54 | M110: USD | N110: FOB | O110: N | P110: 1351.5071 | Q110: =IF(OR(L110="",M110="",P110=""),"",L110*P110)
A111: R-SB-0109 | B111: 45236 | C111: 2023-11 | D111: 2023 | E111: P-SB-001 | F111: C-SB-03 | G111: 베트남 | H111: VN | I111: 71386 | J111: EA | K111: 24.99 | L111: 127580.06 | M111: USD | N111: FOB | O111: N | P111: 1308.154 | Q111: =IF(OR(L111="",M111="",P111=""),"",L111*P111)
...

Sheet 물류
A1: 물류ID | B1: 실적ID | C1: 운송수단 | D1: 출발지 | E1: 출발지코드 | F1: 도착지 | G1: 도착지코드 | H1: 선적일 | I1: 예정도착일 | J1: 실제도착일 | K1: 운임(USD)
A2: L-SB-0001 | B2: R-SB-0001 | C2: 항공 | D2: 인천공항 | E2: ICN | F2: 뭄바이공항 | G2: BOM | H2: 44931 | I2: 44934
A3: L-SB-0002 | B3: R-SB-0002 | C3: 항공 | D3: 인천공항 | E3: ICN | F3: 몬테레이공항 | G3: MTY | H3: 44940 | I3: 44943 | J3: 44943 | K3: 135
A4: L-SB-0003 | B4: R-SB-0003 | C4: 항공 | D4: 인천공항 | E4: ICN | F4: 몬테레이공항 | G4: MTY | H4: 44941 | I4: 44945
A5: L-SB-0004 | B5: R-SB-0004 | C5: 항공 | D5: 인천공항 | E5: ICN | F5: 다낭공항 | G5: DAD | H5: 44944 | I5: 44947 | J5: 44947 | K5: 164.28
A6: L-SB-0005 | B6: R-SB-0005 | C6: 항공 | D6: 인천공항 | E6: ICN | F6: 뭄바이공항 | G6: BOM | H6: 44944 | I6: 44948 | J6: 44948 | K6: 135
A7: L-SB-0006 | B7: R-SB-0006 | C7: 항공 | D7: 인천공항 | E7: ICN | F7: 몬테레이공항 | G7: MTY | H7: 44945 | I7: 44948 | J7: 44952 | K7: 159.17
A8: L-SB-0007 | B8: R-SB-0007 | C8: 항공 | D8: 인천공항 | E8: ICN | F8: 댈러스공항 | G8: DFW | H8: 44948 | I8: 44953 | J8: 44953 | K8: 236.19
A9: L-SB-0008 | B9: R-SB-0008 | C9: 항공 | D9: 인천공항 | E9: ICN | F9: 댈러스공항 | G9: DFW | H9: 44950 | I9: 44954 | J9: 44953
A10: L-SB-0009 | B10: R-SB-0009 | C10: 항공 | D10: 인천공항 | E10: ICN | F10: 다낭공항 | G10: DAD | H10: 44951 | I10: 44956 | J10: 44955 | K10: 135
A11: L-SB-0010 | B11: R-SB-0010 | C11: 해상 | D11: 부산항 | E11: KRPUS | F11: 다낭항 | G11: VNDAD | H11: 44953 | I11: 44975 | J11: 44974 | K11: 530
A12: L-SB-0011 | B12: R-SB-0010 | C12: 해상 | D12: 부산항 | E12: KRPUS | F12: 다낭항 | G12: VNDAD | H12: 44953 | I12: 44976 | J12: 44976 | K12: 530
A13: L-SB-0012 | B13: R-SB-0011 | C13: 항공 | D13: 인천공항 | E13: ICN | F13: 뭄바이공항 | G13: BOM | H13: 44953 | I13: 44956 | J13: 44956 | K13: 135
A14: L-SB-0013 | B14: R-SB-0012 | C14: 항공 | D14: 인천공항 | E14: ICN | F14: 다낭공항 | G14: DAD | H14: 44970 | I14: 44973 | J14: 44973 | K14: 135
A15: L-SB-0014 | B15: R-SB-0013 | C15: 항공 | D15: 인천공항 | E15: ICN | F15: 댈러스공항 | G15: DFW | H15: 44973 | I15: 44978 | J15: 44977 | K15: 316.08
A16: L-SB-0015 | B16: R-SB-0014 | C16: 해상 | D16: 부산항 | E16: KRPUS | F16: 다낭항 | G16: VNDAD | H16: 44973 | I16: 44993 | J16: 44993 | K16: 530
A17: L-SB-0016 | B17: R-SB-0015 | C17: 항공 | D17: 인천공항 | E17: ICN | F17: 뭄바이공항 | G17: BOM | H17: 44973 | I17: 44975 | J17: 44975 | K17: 135
A18: L-SB-0017 | B18: R-SB-0016 | C18: 항공 | D18: 인천공항 | E18: ICN | F18: 몬테레이공항 | H18: 44974 | I18: 44978 | J18: 44978 | K18: 156.06
A19: L-SB-0018 | B19: R-SB-0017 | C19: 항공 | D19: 인천공항 | E19: ICN | F19: 몬테레이공항 | H19: 44974 | I19: 44977 | J19: 44977 | K19: 135
A20: L-SB-0019 | B20: R-SB-0018 | C20: 항공 | D20: 인천공항 | E20: ICN | F20: 뭄바이공항 | G20: BOM | H20: 44975 | I20: 44978 | J20: 44978
A21: L-SB-0020 | B21: R-SB-0019 | C21: 항공 | D21: 인천공항 | E21: ICN | F21: 몬테레이공항 | G21: MTY | H21: 44978 | I21: 44981 | J21: 44980
A22: L-SB-0021 | B22: R-SB-0020 | C22: 항공 | D22: 인천공항 | E22: ICN | F22: 다낭공항 | H22: 44978 | J22: 44982 | K22: 135
A23: L-SB-0022 | B23: R-SB-0021 | C23: 항공 | D23: 인천공항 | E23: ICN | F23: 댈러스공항 | G23: DFW | K23: 158.92
A24: L-SB-0023 | B24: R-SB-0022 | C24: 항공 | D24: 인천공항 | E24: ICN | F24: 몬테레이공항 | G24: MTY | H24: 44990 | J24: 44993 | K24: 197.65
A25: L-SB-0024 | B25: R-SB-0023 | C25: 항공 | D25: 인천공항 | E25: ICN | F25: 뭄바이공항 | G25: BOM | K25: 135
A26: L-SB-0025 | B26: R-SB-0024 | C26: 항공 | D26: 인천공항 | E26: ICN | F26: 댈러스공항 | G26: DFW | H26: 44994 | I26: 44999 | J26: 44998 | K26: 322.91
A27: L-SB-0026 | B27: R-SB-0025 | D27: 인천공항 | E27: ICN | F27: 다낭공항 | G27: DAD | H27: 44996 | I27: 45000 | J27: 45000 | K27: 137.97
A28: L-SB-0027 | B28: R-SB-0026 | C28: 해상 | D28: 부산항 | E28: KRPUS | F28: 다낭항 | G28: VNDAD | H28: 44997 | I28: 45020 | J28: 45019 | K28: 530
A29: L-SB-0028 | B29: R-SB-0027 | C29: 항공 | D29: 인천공항 | E29: ICN | F29: 댈러스공항 | G29: DFW | H29: 44998 | I29: 45002 | J29: 45001 | K29: 135
A30: L-SB-0029 | B30: R-SB-0028 | C30: 항공 | D30: 인천공항 | E30: ICN | F30: 다낭공항 | G30: DAD | H30: 45001 | I30: 45005 | J30: 45005 | K30: 135
A31: L-SB-0030 | B31: R-SB-0029 | C31: 항공 | D31: 인천공항 | E31: ICN | F31: 뭄바이공항 | G31: BOM | H31: 45001 | I31: 45004 | J31: 45003 | K31: 135
A32: L-SB-0031 | B32: R-SB-0030 | C32: 항공 | D32: 인천공항 | E32: ICN | F32: 댈러스공항 | G32: DFW | H32: 45007 | I32: 45011 | J32: 45011 | K32: 185.7
A33: L-SB-0032 | B33: R-SB-0031 | C33: 항공 | D33: 인천공항 | E33: ICN | F33: 몬테레이공항 | G33: MTY | H33: 45008 | I33: 45011 | J33: 45013 | K33: 135
A34: L-SB-0033 | B34: R-SB-0032 | C34: 항공 | D34: 인천공항 | E34: ICN | F34: 몬테레이공항 | G34: MTY | H34: 45012 | I34: 45016 | J34: 45016 | K34: 135
A35: L-SB-0034 | B35: R-SB-0033 | C35: 항공 | D35: 인천공항 | E35: ICN | F35: 뭄바이공항 | G35: BOM | H35: 45019 | I35: 45021 | J35: 45021 | K35: 135
A36: L-SB-0035 | B36: R-SB-0034 | C36: 항공 | D36: 인천공항 | E36: ICN | F36: 뭄바이공항 | G36: BOM | H36: 45027 | I36: 45029 | J36: 45028 | K36: 135
A37: L-SB-0036 | B37: R-SB-0035 | C37: 항공 | D37: 인천공항 | E37: ICN | F37: 몬테레이공항 | G37: MTY | H37: 45028 | I37: 45033 | J37: 45033 | K37: 135
A38: L-SB-0037 | B38: R-SB-0036 | C38: 항공 | D38: 인천공항 | E38: ICN | F38: 다낭공항 | G38: DAD | H38: 45031 | I38: 45034 | J38: 45034 | K38: 135
A39: L-SB-0038 | B39: R-SB-0037 | C39: 항공 | D39: 인천공항 | E39: ICN | F39: 댈러스공항 | G39: DFW | H39: 45033 | I39: 45037 | J39: 45036 | K39: 355.89
... A60: L-SB-0059 | B60: R-SB-0058 | C60: 항공 | D60: 인천공항 | E60: ICN | F60: 뭄바이공항 | G60: BOM | H60: 45087 | I60: 45089 | J60: 45089 | K60: 135
A61: L-SB-0060 | B61: R-SB-0059 | C61: 항공 | D61: 인천공항 | E61: ICN | F61: 다낭공항 | G61: DAD | H61: 45091 | I61: 45094 | K61: 135
A62: L-SB-0061 | B62: R-SB-0060 | C62: 항공 | D62: 인천공항 | E62: ICN | F62: 댈러스공항 | G62: DFW | H62: 45095 | I62: 45098 | J62: 45097 | K62: 212.9
A63: L-SB-0062 | B63: R-SB-0061 | C63: 해상 | D63: 부산항 | E63: KRPUS | F63: 다낭항 | G63: VNDAD | H63: 45095 | I63: 45115 | J63: 45115 | K63: 530
A64: L-SB-0063 | B64: R-SB-0062 | C64: 항공 | D64: 인천공항 | E64: ICN | F64: 뭄바이공항 | G64: BOM | H64: 45096 | I64: 45098 | J64: 45097 | K64: 135
A65: L-SB-0064 | B65: R-SB-0063 | C65: 항공 | D65: 인천공항 | E65: ICN | F65: 댈러스공항 | G65: DFW | H65: 45097 | I65: 45100 | J65: 45100 | K65: 281.02
A66: L-SB-0065 | B66: R-SB-0064 | C66: 항공 | D66: 인천공항 | E66: ICN | F66: 몬테레이공항 | G66: MTY | H66: 45098 | I66: 45103 | J66: 45103 | K66: 153.48
A67: L-SB-0066 | B67: R-SB-0065 | C67: 항공 | D67: 인천공항 | E67: ICN | F67: 다낭공항 | G67: DAD | H67: 45101 | I67: 45105 | J67: 45105 | K67: 135
A68: L-SB-0067 | B68: R-SB-0066 | C68: 항공 | D68: 인천공항 | E68: ICN | F68: 뭄바이공항 | G68: BOM | H68: 45112 | I68: 45115 | J68: 45115 | K68: 135
A69: L-SB-0068 | B69: R-SB-0067 | C69: 항공 | D69: 인천공항 | E69: ICN | F69: 다낭공항 | G69: DAD | H69: 45113 | I69: 45117 | J69: 45117 | K69: 135
A70: L-SB-0069 | B70: R-SB-0068 | C70: 항공 | D70: 인천공항 | E70: ICN | F70: 몬테레이공항 | G70: MTY | H70: 45114 | I70: 45118 | J70: 45120 | K70: 146.53
A71: L-SB-0070 | B71: R-SB-0069 | C71: 항공 | D71: 인천공항 | E71: ICN | F71: 다낭공항 | G71: DAD | H71: 45117 | I71: 45122 | J71: 45122 | K71: 172.75
A72: L-SB-0071 | B72: R-SB-0070 | C72: 항공 | D72: 인천공항 | E72: ICN | F72: 뭄바이공항 | G72: BOM | H72: 45120 | I72: 45122 | J72: 45122 | K72: 135
A73: L-SB-0072 | B73: R-SB-0071 | C73: 항공 | D73: 인천공항 | E73: ICN | F73: 몬테레이공항 | G73: MTY | H73: 45127 | I73: 45131 | J73: 45131 | K73: 135
... A75: L-SB-0074 | B75: R-SB-0073 | C75: 항공 | D75: 인천공항 | E75: ICN | F75: 댈러스공항 | G75: DFW | H75: 45132 | I75: 45135 | J75: 45135 | K75: 135
A76: L-SB-0075 | B76: R-SB-0074 | C76: 항공 | D76: 인천공항 | E76: ICN | F76: 뭄바이공항 | G76: BOM | H76: 45133 | I76: 45137 | J76: 45136
A77: L-SB-0076 | B77: R-SB-0075 | C77: 항공 | D77: 인천공항 | E77: ICN | F77: 댈러스공항 | G77: DFW | H77: 45143 | I77: 45147 | J77: 45147 | K77: 240.89
A78: L-SB-0077 | B78: R-SB-0076 | C78: 항공 | D78: 인천공항 | E78: ICN | F78: 몬테레이공항 | G78: MTY | H78: 45144 | I78: 45148 | J78: 45150 | K78: 143.86
A79: L-SB-0078 | B79: R-SB-0077 | C79: 항공 | D79: 인천공항 | E79: ICN | F79: 다낭공항 | G79: DAD | H79: 45145 | I79: 45149 | J79: 45150 | K79: 190.43
A80: L-SB-0079 | B80: R-SB-0078 | C80: 항공 | D80: 인천공항 | E80: ICN | F80: 뭄바이공항 | G80: BOM | H80: 45147 | I80: 45150 | J80: 45150 | K80: 135
A81: L-SB-0080 | B81: R-SB-0079 | C81: 항공 | D81: 인천공항 | E81: ICN | F81: 몬테레이공항 | G81: MTY | H81: 45148 | I81: 45152 | J81: 45153 | K81: 135
A82: L-SB-0081 | B82: R-SB-0080 | C82: 항공 | D82: 인천공항 | E82: ICN | F82: 댈러스공항 | G82: DFW | H82: 45150 | I82: 45153 | J82: 45153 | K82: 143.12
A83: L-SB-0082 | B83: R-SB-0081 | C83: 항공 | D83: 인천공항 | E83: ICN | F83: 뭄바이공항 | G83: BOM | H83: 45155 | I83: 45158 | J83: 45158
A84: L-SB-0083 | B84: R-SB-0082 | C84: 항공 | D84: 인천공항 | E84: ICN | F84: 댈러스공항 | G84: DFW | H84: 45159 | I84: 45164 | J84: 45164 | K84: 183.1
A85: L-SB-0084 | B85: R-SB-0083 | C85: 항공 | D85: 인천공항 | E85: ICN | F85: 다낭공항 | G85: DAD | H85: 45162 | I85: 45167 | J85: 45167 | K85: 135
A86: L-SB-0085 | B86: R-SB-0084 | C86: 해상 | D86: 부산항 | E86: KRPUS | F86: 다낭항 | G86: VNDAD | H86: 45164 | I86: 45185 | J86: 45184 | K86: 530
A87: L-SB-0086 | B87: R-SB-0085 | C87: 항공 | D87: 인천공항 | E87: ICN | F87: 뭄바이공항 | G87: BOM | H87: 45165 | I87: 45168 | J87: 45168 | K87: 135
A88: L-SB-0087 | B88: R-SB-0086 | C88: 항공 | D88: 인천공항 | E88: ICN | F88: 뭄바이공항 | G88: BOM | H88: 45173 | I88: 45175 | J88: 45176 | K88: 135
A89: L-SB-0088 | B89: R-SB-0087 | C89: 항공 | D89: 인천공항 | E89: ICN | F89: 뭄바이공항 | G89: BOM | H89: 45176 | I89: 45178 | J89: 45178 | K89: 135
A90: L-SB-0089 | B90: R-SB-0088 | C90: 항공 | D90: 인천공항 | E90: ICN | F90: 댈러스공항 | G90: DFW | H90: 45180 | I90: 45185 | J90: 45187 | K90: 153.62
A91: L-SB-0090 | B91: R-SB-0089 | C91: 해상 | D91: 부산항 | E91: KRPUS | F91: 다낭항 | G91: VNDAD | H91: 45185 | I91: 45205 | J91: 45205 | K91: 530
A92: L-SB-0091 | B92: R-SB-0090 | C92: 항공 | D92: 인천공항 | E92: ICN | F92: 다낭공항 | G92: DAD | K92: 135
A93: L-SB-0092 | B93: R-SB-0091 | C93: 항공 | D93: 인천공항 | E93: ICN | F93: 댈러스공항 | G93: DFW | H93: 45186 | I93: 45191 | J93: 45191 | K93: 245.25
A94: L-SB-0093 | B94: R-SB-0092 | C94: 항공 | D94: 인천공항 | E94: ICN | F94: 뭄바이공항 | G94: BOM | H94: 45188 | I94: 45191 | J94: 45191 | K94: 135
A95: L-SB-0094 | B95: R-SB-0093 | C95: 항공 | D95: 인천공항 | E95: ICN | F95: 댈러스공항 | G95: DFW | H95: 45191 | I95: 45195 | J95: 45195 | K95: 292.05
A96: L-SB-0095 | B96: R-SB-0094 | C96: 항공 | D96: 인천공항 | E96: ICN | F96: 몬테레이공항 | G96: MTY | H96: 45191 | I96: 45195 | J96: 45194 | K96: 135
A97: L-SB-0096 | B97: R-SB-0095 | C97: 항공 | D97: 인천공항 | E97: ICN | F97: 몬테레이공항 | G97: MTY | H97: 45192 | I97: 45195 | J97: 45195 | K97: 191.77
A98: L-SB-0097 | B98: R-SB-0096 | C98: 항공 | D98: 인천공항 | E98: ICN | F98: 몬테레이공항 | G98: MTY | H98: 45193 | I98: 45196 | J98: 45196 | K98: 135
A99: L-SB-0098 | B99: R-SB-0097 | C99: 항공 | D99: 인천공항 | E99: ICN | F99: 다낭공항 | G99: DAD | H99: 45194 | I99: 45197 | J99: 45197 | K99: 135
A100: L-SB-0099 | B100: R-SB-0098 | C100: 항공 | D100: 인천공항 | E100: ICN | F100: 댈러스공항 | G100: DFW | H100: 45207 | I100: 45211 | J100: 45211 | K100: 135
A101: L-SB-0100 | B101: R-SB-0099 | C101: 항공 | D101: 인천공항 | E101: ICN | F101: 뭄바이공항 | G101: BOM | H101: 45210 | I101: 45212 | J101: 45212 | K101: 135
A102: L-SB-0101 | B102: R-SB-0100 | C102: 항공 | D102: 인천공항 | E102: ICN | F102: 댈러스공항 | G102: DFW | H102: 45211 | I102: 45214 | K102: 326.72
A103: L-SB-0102 | B103: R-SB-0101 | C103: 항공 | D103: 인천공항 | E103: ICN | F103: 뭄바이공항 | G103: BOM | H103: 45212 | I103: 45214 | J103: 45214 | K103: 135
A104: L-SB-0103 | B104: R-SB-0102 | C104: 항공 | D104: 인천공항 | E104: ICN | F104: 뭄바이공항 | G104: BOM | H104: 45212 | I104: 45215 | J104: 45215 | K104: 135
A105: L-SB-0104 | B105: R-SB-0103 | C105: 항공 | D105: 인천공항 | E105: ICN | F105: 몬테레이공항 | G105: MTY | H105: 45213 | I105: 45217 | J105: 45217 | K105: 137.25
A106: L-SB-0105 | B106: R-SB-0104 | C106: 항공 | D106: 인천공항 | E106: ICN | F106: 몬테레이공항 | G106: MTY | H106: 45216 | I106: 45219 | J106: 45218 | K106: 192.17
A107: L-SB-0106 | B107: R-SB-0105 | C107: 해상 | D107: 부산항 | E107: KRPUS | F107: 다낭항 | G107: VNDAD | H107: 45216 | I107: 45239 | J107: 45239 | K107: 530
A108: L-SB-0107 | B108: R-SB-0106 | C108: 항공 | D108: 인천공항 | E108: ICN | F108: 다낭공항 | G108: DAD | H108: 45219 | I108: 45223 | J108: 45223 | K108: 135
A109: L-SB-0108 | B109: R-SB-0107 | C109: 항공 | D109: 인천공항 | E109: ICN | F109: 댈러스공항 | G109: DFW | H109: 45221 | I109: 45224 | J109: 45223 | K109: 193.42
A110: L-SB-0109 | B110: R-SB-0108 | C110: 항공 | D110: 인천공항 | E110: ICN | F110: 몬테레이공항 | G110: MTY | H110: 45224 | I110: 45227 | J110: 45226 | K110: 135
A111: L-SB-0110 | B111: R-SB-0109 | C111: 항공 | D111: 인천공항 | E111: ICN | F111: 다낭공항 | G111: DAD | H111: 45236 | I111: 45239 | J111: 45239 | K111: 186.21
A112: L-SB-0111 | B112: R-SB-0110 | C112: 항공 | D112: 인천공항 | E112: ICN | F112: 뭄바이공항 | G112: BOM | H112: 45237 | I112: 45239 | J112: 45239 | K112: 135
A113: L-SB-0112 | B113: R-SB-0111 | C113: 항공 | D113: 인천공항 | E113: ICN | F113: 뭄바이공항 | G113: BOM | H113: 45237 | I113: 45240 | J113: 45240 | K113: 135
A114: L-SB-0113 | B114: R-SB-0112 | C114: 항공 | D114: 인천공항 | E114: ICN | F114: 댈러스공항 | G114: DFW | H114: 45238 | I114: 45242 | J114: 45242 | K114: 187.82
... A130: L-SB-0129 | B130: R-SB-0128 | C130: 항공 | D130: 인천공항 | E130: ICN | F130: 다낭공항 | G130: DAD | H130: 45284 | I130: 45288 | J130: 45288 | K130: 162.45
A131: L-SB-0130 | B131: R-SB-0129 | C131: 항공 | D131: 인천공항 | E131: ICN | F131: 다낭공항 | G131: DAD | H131: 45285 | I131: 45289 | J131: 45289
A132: L-SB-0131 | B132: R-SB-0130 | C132: 항공 | D132: 인천공항 | E132: ICN | F132: 뭄바이공항 | G132: BOM | H132: 45296 | I132: 45299 | J132: 45299 | K132: 135
A133: L-SB-0132 | B133: R-SB-0131 | C133: 항공 | D133: 인천공항 | E133: ICN | F133: 뭄바이공항 | G133: BOM | H133: 45296 | I133: 45300 | J133: 45299 | K133: 135
A134: L-SB-0133 | B134: R-SB-0132 | C134: 항공 | D134: 인천공항 | E134: ICN | F134: 몬테레이공항 | G134: MTY | H134: 45298 | I134: 45302 | J134: 45301 | K134: 195.51
A135: L-SB-0134 | B135: R-SB-0133 | C135: 항공 | D135: 인천공항 | E135: ICN | F135: 뭄바이공항 | G135: BOM | H135: 45299 | I135: 45302 | J135: 45302 | K135: 135
A136: L-SB-0135 | B136: R-SB-0134 | C136: 해상 | D136: 부산항 | E136: KRPUS | F136: 다낭항 | G136: VNDAD | H136: 45304 | I136: 45324 | J136: 45324 | K136: 530
...

Sheet 월별집계
A1: 거래월 | B1: 미국 (USD) | C1: 멕시코 (USD) | D1: 베트남 (USD) | E1: 인도 (USD) | F1: 합계 (USD) | G1: 전월대비 | H1: 금액 빈칸 행수
A2: 2023-01 | B2: =SUMIFS(수출실적!$L$2:$L$359,수출실적!$C$2:$C$359,$A2,수출실적!$G$2:$G$359,"미국") | C2: =SUMIFS(수출실적!$L$2:$L$359,수출실적!$C$2:$C$359,$A2,수출실적!$G$2:$G$359,"멕시코") | D2: =SUMIFS(수출실적!$L$2:$L$359,수출실적!$C$2:$C$359,$A2,수출실적!$G$2:$G$359,"베트남") | E2: =SUMIFS(수출실적!$L$2:$L$359,수출실적!$C$2:$C$359,$A2,수출실적!$G$2:$G$359,"인도") | F2: =SUM(B2:E2) | H2: =SUMPRODUCT((수출실적!$C$2:$C$359=$A2)*(수출실적!$L$2:$L$359=""))
A3: 2023-02 | B3: =SUMIFS(수출실적!$L$2:$L$359,수출실적!$C$2:$C$359,$A3,수출실적!$G$2:$G$359,"미국") | C3: =SUMIFS(수출실적!$L$2:$L$359,수출실적!$C$2:$C$359,$A3,수출실적!$G$2:$G$359,"멕시코") | D3: =SUMIFS(수출실적!$L$2:$L$359,수출실적!$C$2:$C$359,$A3,수출실적!$G$2:$G$359,"베트남") | E3: =SUMIFS(수출실적!$L$2:$L$359,수출실적!$C$2:$C$359,$A3,수출실적!$G$2:$G$359,"인도") | F3: =SUM(B3:E3) | G3: =IF(F2=0,"",F3/F2-1) | H3: =SUMPRODUCT((수출실적!$C$2:$C$359=$A3)*(수출실적!$L$2:$L$359=""))
A4: 2023-03 | B4: =SUMIFS(수출실적!$L$2:$L$359,수출실적!$C$2:$C$359,$A4,수출실적!$G$2:$G$359,"미국") | C4: =SUMIFS(수출실적!$L$2:$L$359,수출실적!$C$2:$C$359,$A4,수출실적!$G$2:$G$359,"멕시코") | D4: =SUMIFS(수출실적!$L$2:$L$359,수출실적!$C$2:$C$359,$A4,수출실적!$G$2:$G$359,"베트남") | E4: =SUMIFS(수출실적!$L$2:$L$359,수출실적!$C$2:$C$359,$A4,수출실적!$G$2:$G$359,"인도") | F4: =SUM(B4:E4) | G4: =IF(F3=0,"",F4/F3-1) | H4: =SUMPRODUCT((수출실적!$C$2:$C$359=$A4)*(수출실적!$L$2:$L$359=""))
A5: 2023-04 | B5: =SUMIFS(수출실적!$L$2:$L$359,수출실적!$C$2:$C$359,$A5,수출실적!$G$2:$G$359,"미국") | C5: =SUMIFS(수출실적!$L$2:$L$359,수출실적!$C$2:$C$359,$A5,수출실적!$G$2:$G$359,"멕시코") | D5: =SUMIFS(수출실적!$L$2:$L$359,수출실적!$C$2:$C$359,$A5,수출실적!$G$2:$G$359,"베트남") | E5: =SUMIFS(수출실적!$L$2:$L$359,수출실적!$C$2:$C$359,$A5,수출실적!$G$2:$G$359,"인도") | F5: =SUM(B5:E5) | G5: =IF(F4=0,"",F5/F4-1) | H5: =SUMPRODUCT((수출실적!$C$2:$C$359=$A5)*(수출실적!$L$2:$L$359=""))
A6: 2023-05 | B6: =SUMIFS(수출실적!$L$2:$L$359,수출실적!$C$2:$C$359,$A6,수출실적!$G$2:$G$359,"미국") | C6: =SUMIFS(수출실적!$L$2:$L$359,수출실적!$C$2:$C$359,$A6,수출실적!$G$2:$G$359,"멕시코") | D6: =SUMIFS(수출실적!$L$2:$L$359,수출실적!$C$2:$C$359,$A6,수출실적!$G$2:$G$359,"베트남") | E6: =SUMIFS(수출실적!$L$2:$L$359,수출실적!$C$2:$C$359,$A6,수출실적!$G$2:$G$359,"인도") | F6: =SUM(B6:E6) | G6: =IF(F5=0,"",F6/F5-1) | H6: =SUMPRODUCT((수출실적!$C$2:$C$359=$A6)*(수출실적!$L$2:$L$359=""))
A7: 2023-06 | B7: =SUMIFS(수출실적!$L$2:$L$359,수출실적!$C$2:$C$359,$A7,수출실적!$G$2:$G$359,"미국") | C7: =SUMIFS(수출실적!$L$2:$L$359,수출실적!$C$2:$C$359,$A7,수출실적!$G$2:$G$359,"멕시코") | D7: =SUMIFS(수출실적!$L$2:$L$359,수출실적!$C$2:$C$359,$A7,수출실적!$G$2:$G$359,"베트남") | E7: =SUMIFS(수출실적!$L$2:$L$359,수출실적!$C$2:$C$359,$A7,수출실적!$G$2:$G$359,"인도") | F7: =SUM(B7:E7) | G7: =IF(F6=0,"",F7/F6-1) | H7: =SUMPRODUCT((수출실적!$C$2:$C$359=$A7)*(수출실적!$L$2:$L$359=""))
A8: 2023-07 | B8: =SUMIFS(수출실적!$L$2:$L$359,수출실적!$C$2:$C$359,$A8,수출실적!$G$2:$G$359,"미국") | C8: =SUMIFS(수출실적!$L$2:$L$359,수출실적!$C$2:$C$359,$A8,수출실적!$G$2:$G$359,"멕시코") | D8: =SUMIFS(수출실적!$L$2:$L$359,수출실적!$C$2:$C$359,$A8,수출실적!$G$2:$G$359,"베트남") | E8: =SUMIFS(수출실적!$L$2:$L$359,수출실적!$C$2:$C$359,$A8,수출실적!$G$2:$G$359,"인도") | F8: =SUM(B8:E8) | G8: =IF(F7=0,"",F8/F7-1) | H8: =SUMPRODUCT((수출실적!$C$2:$C$359=$A8)*(수출실적!$L$2:$L$359=""))
A9: 2023-08 | B9: =SUMIFS(수출실적!$L$2:$L$359,수출실적!$C$2:$C$359,$A9,수출실적!$G$2:$G$359,"미국") | C9: =SUMIFS(수출실적!$L$2:$L$359,수출실적!$C$2:$C$359,$A9,수출실적!$G$2:$G$359,"멕시코") | D9: =SUMIFS(수출실적!$L$2:$L$359,수출실적!$C$2:$C$359,$A9,수출실적!$G$2:$G$359,"베트남") | E9: =SUMIFS(수출실적!$L$2:$L$359,수출실적!$C$2:$C$359,$A9,수출실적!$G$2:$G$359,"인도") | F9: =SUM(B9:E9) | G9: =IF(F8=0,"",F9/F8-1) | H9: =SUMPRODUCT((수출실적!$C$2:$C$359=$A9)*(수출실적!$L$2:$L$359=""))
A10: 2023-09 | B10: =SUMIFS(수출실적!$L$2:$L$359,수출실적!$C$2:$C$359,$A10,수출실적!$G$2:$G$359,"미국") | C10: =SUMIFS(수출실적!$L$2:$L$359,수출실적!$C$2:$C$359,$A10,수출실적!$G$2:$G$359,"멕시코") | D10: =SUMIFS(수출실적!$L$2:$L$359,수출실적!$C$2:$C$359,$A10,수출실적!$G$2:$G$359,"베트남") | E10: =SUMIFS(수출실적!$L$2:$L$359,수출실적!$C$2:$C$359,$A10,수출실적!$G$2:$G$359,"인도") | F10: =SUM(B10:E10) | G10: =IF(F9=0,"",F10/F9-1) | H10: =SUMPRODUCT((수출실적!$C$2:$C$359=$A10)*(수출실적!$L$2:$L$359=""))
A11: 2023-10 | B11: =SUMIFS(수출실적!$L$2:$L$359,수출실적!$C$2:$C$359,$A11,수출실적!$G$2:$G$359,"미국") | C11: =SUMIFS(수출실적!$L$2:$L$359,수출실적!$C$2:$C$359,$A11,수출실적!$G$2:$G$359,"멕시코") | D11: =SUMIFS(수출실적!$L$2:$L$359,수출실적!$C$2:$C$359,$A11,수출실적!$G$2:$G$359,"베트남") | E11: =SUMIFS(수출실적!$L$2:$L$359,수출실적!$C$2:$C$359,$A11,수출실적!$G$2:$G$359,"인도") | F11: =SUM(B11:E11) | G11: =IF(F10=0,"",F11/F10-1) | H11: =SUMPRODUCT((수출실적!$C$2:$C$359=$A11)*(수출실적!$L$2:$L$359=""))
A12: 2023-11 | B12: =SUMIFS(수출실적!$L$2:$L$359,수출실적!$C$2:$C$359,$A12,수출실적!$G$2:$G$359,"미국") | C12: =SUMIFS(수출실적!$L$2:$L$359,수출실적!$C$2:$C$359,$A12,수출실적!$G$2:$G$359,"멕시코") | D12: =SUMIFS(수출실적!$L$2:$L$359,수출실적!$C$2:$C$359,$A12,수출실적!$G$2:$G$359,"베트남") | E12: =SUMIFS(수출실적!$L$2:$L$359,수출실적!$C$2:$C$359,$A12,수출실적!$G$2:$G$359,"인도") | F12: =SUM(B12:E12) | G12: =IF(F11=0,"",F12/F11-1) | H12: =SUMPRODUCT((수출실적!$C$2:$C$359=$A12)*(수출실적!$L$2:$L$359=""))
A13: 2023-12 | B13: =SUMIFS(수출실적!$L$2:$L$359,수출실적!$C$2:$C$359,$A13,수출실적!$G$2:$G$359,"미국") | C13: =SUMIFS(수출실적!$L$2:$L$359,수출실적!$C$2:$C$359,$A13,수출실적!$G$2:$G$359,"멕시코") | D13: =SUMIFS(수출실적!$L$2:$L$359,수출실적!$C$2:$C$359,$A13,수출실적!$G$2:$G$359,"베트남") | E13: =SUMIFS(수출실적!$L$2:$L$359,수출실적!$C$2:$C$359,$A13,수출실적!$G$2:$G$359,"인도") | F13: =SUM(B13:E13) | G13: =IF(F12=0,"",F13/F12-1) | H13: =SUMPRODUCT((수출실적!$C$2:$C$359=$A13)*(수출실적!$L$2:$L$359=""))
A14: 2024-01 | B14: =SUMIFS(수출실적!$L$2:$L$359,수출실적!$C$2:$C$359,$A14,수출실적!$G$2:$G$359,"미국") | C14: =SUMIFS(수출실적!$L$2:$L$359,수출실적!$C$2:$C$359,$A14,수출실적!$G$2:$G$359,"멕시코") | D14: =SUMIFS(수출실적!$L$2:$L$359,수출실적!$C$2:$C$359,$A14,수출실적!$G$2:$G$359,"베트남") | E14: =SUMIFS(수출실적!$L$2:$L$359,수출실적!$C$2:$C$359,$A14,수출실적!$G$2:$G$359,"인도") | F14: =SUM(B14:E14) | G14: =IF(F13=0,"",F14/F13-1) | H14: =SUMPRODUCT((수출실적!$C$2:$C$359=$A14)*(수출실적!$L$2:$L$359=""))
... A37: 2025-12 | B37: =SUMIFS(수출실적!$L$2:$L$359,수출실적!$C$2:$C$359,$A37,수출실적!$G$2:$G$359,"미국") | C37: =SUMIFS(수출실적!$L$2:$L$359,수출실적!$C$2:$C$359,$A37,수출실적!$G$2:$G$359,"멕시코") | D37: =SUMIFS(수출실적!$L$2:$L$359,수출실적!$C$2:$C$359,$A37,수출실적!$G$2:$G$359,"베트남") | E37: =SUMIFS(수출실적!$L$2:$L$359,수출실적!$C$2:$C$359,$A37,수출실적!$G$2:$G$359,"인도") | F37: =SUM(B37:E37) | G37: =IF(F36=0,"",F37/F36-1) | H37: =SUMPRODUCT((수출실적!$C$2:$C$359=$A37)*(수출실적!$L$2:$L$359=""))
A39: 금액은 수출실적 시트 합계(SUMIFS). 금액 빈칸은 0으로 더해지므로 '금액 빈칸 행수'가 0이 아닌 달은 합계를 그대로 쓰지 말 것.
A40: 회사 자체 수출 흐름 참고용. 대시보드 안정성(목적국 수입금액 CV·급감)은 공개 무역통계로 계산하며 이 표와 다름.

Sheet 결측목록
A1: 새벽반도체 — 의도적으로 넣은 결측·예외 위치 (검증 로직 테스트용)
A2: 처리 원칙: 빈칸은 '자료 부족'으로 표시하고 0·임의 값으로 채우지 않음. 실제 0(취소 건)과 빈칸을 구분. 행 자체가 없는 달은 '자료 없음'.
A4: 구분 | B4: 시트 | C4: 셀/행 | D4: 식별자 | E4: 비어 있는 항목 | F4: 대시보드 영향 | G4: 권장 처리
A5: 기업 정보 | B5: 기업정보 | C5: B8 | D5: company | E5: 금액 통화 | F5: 결제통화 불명 → 참고환율 통화 선택 불가 | G5: '통화 미확인' 표시, 환율 카드 자료 부족
A6: 제품 HS | B6: 제품정보 | C6: D4:E4 | D6: P-SB-003 | E6: 입력HSK, HS코드 | F6: 규제 통제번호 후보 조회 불가, 관세 참고치 조회 불가 | G6: 'HS 미확인'으로 분리, 이 제품 금액은 HS별 집계에서 제외하고 건수 표시
A7: 거래처 | B7: 거래처 | C7: D4 | D7: C-SB-03 | E7: 주소 | F7: CSL 검색 시 주소 대조 불가(명칭만 검색) | G7: 명칭 검색만 수행, '주소 미기재' 표시
A8: 거래처 | B8: 거래처 | C8: B5 | D8: C-SB-04 | E8: 법인명 (별칭만 있음) | F8: CSL 명칭 검색 불가 | G8: '검색 불가 — 법인명 없음' 표시, '일치 없음'으로 처리하지 않음
A9: 수출실적 | B9: 수출실적 | C9: E3 | D9: R-SB-0002 | E9: 제품ID | F9: 제품·HS 연결 불가 → HS별 집계 제외 | G9: 행은 보존, 해당 계산만 제외하고 제외 건수 표시
A10: 수출실적 | B10: 수출실적 | C10: K9 | D10: R-SB-0008 | E10: 순중량(kg) | F10: kg당 단가 계산에서 제외 | G10: 행은 보존, 해당 계산만 제외하고 제외 건수 표시
A11: 수출실적 | B11: 수출실적 | C11: L14 | D11: R-SB-0012 | E11: 금액 | F11: 월별 합계·단가 계산에서 제외 (0으로 더하지 않음) | G11: 행은 보존, 해당 계산만 제외하고 제외 건수 표시
A12: 수출실적 | B12: 수출실적 | C12: L16 | D12: R-SB-0014 | E12: 금액 | F12: 월별 합계·단가 계산에서 제외 (0으로 더하지 않음) | G12: 행은 보존, 해당 계산만 제외하고 제외 건수 표시
A13: 수출실적 | B13: 수출실적 | C13: K20 | D13: R-SB-0018 | E13: 순중량(kg) | F13: kg당 단가 계산에서 제외 | G13: 행은 보존, 해당 계산만 제외하고 제외 건수 표시
A14: 수출실적 | B14: 수출실적 | C14: K21 | D14: R-SB-0019 | E14: 순중량(kg) | F14: kg당 단가 계산에서 제외 | G14: 행은 보존, 해당 계산만 제외하고 제외 건수 표시
A15: 수출실적 | B15: 수출실적 | C15: L24 | D15: R-SB-0022 | E15: 금액 | F15: 월별 합계·단가 계산에서 제외 (0으로 더하지 않음) | G15: 행은 보존, 해당 계산만 제외하고 제외 건수 표시
... A73: 물류 | B73: 물류 | C73: K334 | D73: L-SB-0333 | E73: 운임(USD) | F73: 운송비 비중 계산에서 제외 | G73: 행은 보존, 해당 계산만 제외하고 제외 건수 표시
